cell_id,cell_id_read_count,umi_count,valid
NutrapPOS_S1_AAACCCATCTGTCTCG,6548,54,True
NutrapPOS_S1_AAACGAATCACCGACG,29915,54,True
NutrapPOS_S1_AAAGAACGTGATAGTA,10842,72,True
NutrapPOS_S1_AAATGGATCGATCCAA,43,12,True
NutrapPOS_S1_AAGAACAGTTAGGAGC,38,12,True
NutrapPOS_S1_AATCACGCAGGCCTGT,19,11,True
NutrapPOS_S1_AATGACCAGAACTTCC,36,12,True
NutrapPOS_S1_AATTTCCCAGGAGACT,53,17,True
NutrapPOS_S1_ACAAGCTTCCACAGCG,25,7,True
NutrapPOS_S1_ACAGCCGGTATCGTGT,12327,73,True
NutrapPOS_S1_ACCCTTGTCTGCGATA,47,12,True
NutrapPOS_S1_ACCTGTCGTATCCTCC,126,13,True
NutrapPOS_S1_ACGGTTACAAGCAGGT,22,14,True
NutrapPOS_S1_ACGGTTAGTGTCATGT,5,3,True
NutrapPOS_S1_ACGGTTATCTGATTCT,29943,103,True
NutrapPOS_S1_ACGTCCTCATTGAAAG,36,12,True
NutrapPOS_S1_ACTTCCGGTCAAGCCC,35,4,True
NutrapPOS_S1_AGGGAGTTCGACGCGT,324,11,True
NutrapPOS_S1_AGGTGTTTCAGCTGAT,8491,44,True
NutrapPOS_S1_AGGTTGTAGAGCCTGA,18085,64,True
NutrapPOS_S1_AGTACCAAGAGAGAAC,4,2,True
NutrapPOS_S1_AGTAGCTTCCGTGTCT,51,15,True
NutrapPOS_S1_AGTGATCGTGATAGAT,64,15,True
NutrapPOS_S1_AGTGATCTCAACTACG,29,4,True
NutrapPOS_S1_ATACTTCTCGGAACTT,13,8,True
NutrapPOS_S1_ATCACAGAGGCCTAGA,34,17,True
NutrapPOS_S1_ATCACGAAGCAATTCC,23,9,True
NutrapPOS_S1_ATCCATTAGTATGATG,13289,74,True
NutrapPOS_S1_ATCCATTCAGGTGACA,733,17,True
NutrapPOS_S1_ATCCGTCCAGGACTTT,22192,148,True
NutrapPOS_S1_ATCCTATGTGTCCAAT,3475,28,True
NutrapPOS_S1_ATCGTGACACACCTGG,28,5,True
NutrapPOS_S1_ATGACCAGTGGGTATG,16,2,True
NutrapPOS_S1_ATGCGATGTTGTCATG,45561,301,True
NutrapPOS_S1_ATTCACTTCCCGTGTT,63,13,True
NutrapPOS_S1_ATTCCCGCAAGTTCCA,5,3,True
NutrapPOS_S1_ATTCTTGTCGGCTTGG,70896,463,True
NutrapPOS_S1_ATTGTTCTCGACACTA,234,13,True
NutrapPOS_S1_CAACCAATCGTGGGTC,79,20,True
NutrapPOS_S1_CAAGCTAAGCTTTCTT,3037,54,True
NutrapPOS_S1_CAAGGGAGTGTACATC,7437,45,True
NutrapPOS_S1_CACTAAGTCTGCGAGC,3,1,True
NutrapPOS_S1_CAGCAGCCAGAGGCTA,30,8,True
NutrapPOS_S1_CAGTTAGAGATGAATC,7268,47,True
NutrapPOS_S1_CATACCCAGAAGCCAC,8992,57,True
NutrapPOS_S1_CATCCCAGTAACATGA,5,3,True
NutrapPOS_S1_CCCAACTGTCAGACGA,717,20,True
NutrapPOS_S1_CCGATCTGTATCGCTA,52,34,True
NutrapPOS_S1_CCGATCTGTTGTCCCT,4,2,True
NutrapPOS_S1_CCGGACACAGGTAGTG,15,8,True
NutrapPOS_S1_CCGGTGAGTCGGTGAA,22894,146,True
NutrapPOS_S1_CCGGTGATCGATGGAG,21,13,True
NutrapPOS_S1_CCGGTGATCTGCGGCA,36,14,True
NutrapPOS_S1_CCGTGAGTCGGTTCAA,21,8,True
NutrapPOS_S1_CCTGCATCAAAGGAGA,21,5,True
NutrapPOS_S1_CCTGTTGAGAGATCGC,566,20,True
NutrapPOS_S1_CGCCATTCAACGATCT,36,7,True
NutrapPOS_S1_CGCGTGATCAAGTGTC,12,5,True
NutrapPOS_S1_CTATCCGCATGACACT,25,9,True
NutrapPOS_S1_CTCCAACAGTATGACA,18,11,True
NutrapPOS_S1_CTCCTTTCAGAGTCAG,11582,48,True
NutrapPOS_S1_CTGCGAGGTCGCTCGA,60,11,True
NutrapPOS_S1_CTGGACGTCCGTGTAA,21,6,True
NutrapPOS_S1_CTGGTCTCATGAGGGT,8227,65,True
NutrapPOS_S1_GAATCGTGTTGCGGAA,26030,183,True
NutrapPOS_S1_GACCCAGTCGTAGGGA,52,30,True
NutrapPOS_S1_GAGACTTAGCAGCAGT,22,12,True
NutrapPOS_S1_GAGTTGTCAATGTGGG,15,3,True
NutrapPOS_S1_GCCATTCAGTGATAGT,20,10,True
NutrapPOS_S1_GCCCAGAAGCGGATCA,12,6,True
NutrapPOS_S1_GCCTGTTCAAGTCCAT,25,13,True
NutrapPOS_S1_GCGTTTCCAAAGGTTA,50,30,True
NutrapPOS_S1_GGAGGATTCTAGTGAC,24488,183,True
NutrapPOS_S1_GGATCTACAGACCGCT,68,19,True
NutrapPOS_S1_GGGAAGTCAAGAGCTG,22236,107,True
NutrapPOS_S1_GGGCCATGTCGAGCAA,23622,173,True
NutrapPOS_S1_GGTAATCGTATTTCGG,27650,50,True
NutrapPOS_S1_GGTAGAGAGTAGAATC,18,9,True
NutrapPOS_S1_GGTGTCGCAAGCTACT,1856,31,True
NutrapPOS_S1_GGTGTCGGTTTACCAG,17,5,True
NutrapPOS_S1_GGTTGTATCACGGACC,4120,38,True
NutrapPOS_S1_GTAGGAGCAAGTCATC,20,10,True
NutrapPOS_S1_GTCACTCCATATCGGT,3706,71,True
NutrapPOS_S1_GTCAGCGCAAGGCCTC,14,3,True
NutrapPOS_S1_GTGGGAAAGACCAGCA,286,18,True
NutrapPOS_S1_TAGCACACATTGAAGA,28,6,True
NutrapPOS_S1_TAGGAGGCATCCGGCA,30102,78,True
NutrapPOS_S1_TAGTGCACACGTACTA,56,20,True
NutrapPOS_S1_TATTGCTAGGGCCCTT,197,15,True
NutrapPOS_S1_TCAAGTGCACCAACAT,9745,43,True
NutrapPOS_S1_TCATTTGCAGCGTGAA,23,14,True
NutrapPOS_S1_TCTAACTAGCCGGAAT,23,11,True
NutrapPOS_S1_TCTACATAGTCACTGT,22954,219,True
NutrapPOS_S1_TGAGCATGTGGCCTCA,27047,51,True
NutrapPOS_S1_TGATCTTAGGCAGGGA,16650,95,True
NutrapPOS_S1_TGCAGATTCAGAATAG,15,9,True
NutrapPOS_S1_TGCAGGCTCAACACCA,13,6,True
NutrapPOS_S1_TGCAGTAAGCTGGCTC,25,14,True
NutrapPOS_S1_TGCTCCATCTGACCCT,9202,56,True
NutrapPOS_S1_TGTAACGAGATGTTCC,71,29,True
NutrapPOS_S1_TGTAAGCAGCTTCGTA,21410,113,True
NutrapPOS_S1_TGTACAGTCGTGGAAG,19,7,True
NutrapPOS_S1_TGTAGACGTTCCACAA,7368,40,True
NutrapPOS_S1_TGTTCATCAATTCTTC,646,12,True
NutrapPOS_S1_TGTTCCGGTAACCCGC,24928,53,True
NutrapPOS_S1_TTACAGGTCACTTTGT,37,20,True
NutrapPOS_S1_TTCATTGTCTAGTGAC,20855,41,True
NutrapPOS_S1_TTCTAACCACGTGTGC,514,10,True
NutrapPOS_S1_TTCTTGAGTACCTAAC,57534,167,True
NutrapPOS_S1_TTGCATTTCCTCTCTT,3,1,True
NutrapPOS_S1_TTGCGTCCATAATGAG,9,5,True
NutrapPOS_S1_TTTGATCGTGAGACGT,6457,83,True
NutrapPOS_S1_TTTGGTTTCTCCGTGT,23,15,True
NutrapPOS_S1_TTTGTTGAGAGAGTGA,14838,81,True
